Breed Name,"Avg. Life Span, years",Adaptability,Adapts Well To Apartment Living,Good For Novice Owners,Tolerates Being Alone,Affectionate With Family,Kid-Friendly,Dog Friendly,Friendly Toward Strangers,Amount Of Shedding,Easy To Groom,General Health,Size,Easy To Train,Intelligence,Potential For Mouthiness,Prey Drive,Tendency To Bark Or Howl,Energy Level,Exercise Needs,Potential For Playfulness,Dog Breed Group_Herding Dogs,Dog Breed Group_Hound Dogs,Dog Breed Group_Hybrid Dogs,Dog Breed Group_Mixed Breed Dogs,Dog Breed Group_Non-Sporting Dogs,Dog Breed Group_Sporting Dogs,Dog Breed Group_Terrier Dogs,Dog Breed Group_Working Dogs
Afador,11.0,2.4,1,1,3,4,2,3,1,4,2,3,4,1.0,5.0,4.0,4.0,4.0,4.0,4.0,3.0,0,0,0,1,0,0,0,0
Affenhuahua,16.0,3.0,4,4,1,4,3,2,2,2,4,4,1,3.0,3.0,4.0,2.0,4.0,4.0,3.0,3.0,0,0,0,1,0,0,0,0
Affenpinscher,13.0,3.2,5,4,1,5,1,4,3,1,3,4,1,2.0,4.0,4.0,3.0,2.0,4.0,3.0,4.0,0,0,0,0,0,0,0,0
Afghan Hound,11.0,4.0,5,3,2,5,5,4,2,4,1,3,4,1.0,4.0,3.0,5.0,2.0,5.0,4.0,4.0,0,1,0,0,0,0,0,0
Airedale Terrier,12.0,2.2,1,2,2,4,4,4,3,2,2,3,3,4.0,5.0,5.0,5.0,4.0,5.0,5.0,5.0,0,0,0,0,0,0,1,0
Akbash,11.0,2.8,1,2,4,5,4,3,2,4,3,4,4,3.0,4.0,3.0,1.0,3.0,2.0,2.0,3.0,0,0,0,0,0,0,0,1
Akita,11.0,3.0,2,2,1,5,1,1,2,5,1,4,4,2.0,3.0,3.0,4.0,5.0,4.0,4.0,5.0,0,0,0,0,0,0,0,1
Akita Chow,11.0,2.8,2,1,2,1,1,1,2,4,1,2,4,2.0,4.0,3.0,4.0,2.0,4.0,4.0,2.0,0,0,0,1,0,0,0,0
Akita Pit,11.0,2.6,3,1,4,4,3,3,2,3,4,4,4,3.0,4.0,3.0,4.0,3.0,3.0,3.0,3.0,0,0,0,1,0,0,0,0
Akita Shepherd,12.0,3.0,3,3,3,4,3,3,3,4,3,3,4,4.0,4.0,2.0,3.0,1.0,3.0,4.0,3.0,0,0,0,1,0,0,0,0
Alaskan Husky,12.5,3.0,3,3,3,5,5,5,5,3,4,4,3,4.0,4.0,3.0,4.0,5.0,5.0,5.0,5.0,0,0,0,0,0,0,0,1
Alaskan Klee Kai,14.0,3.2,3,2,2,4,3,2,2,4,4,4,2,4.0,4.0,2.0,5.0,3.0,4.0,4.0,4.0,0,0,0,0,0,0,0,0
Alaskan Malamute,14.0,2.4,1,1,1,4,3,2,5,5,1,4,4,4.0,4.0,3.0,4.0,5.0,5.0,5.0,5.0,0,0,0,0,0,0,0,1
American Bulldog,13.0,1.8,1,1,1,5,4,2,2,1,4,3,4,4.0,3.0,2.0,4.0,2.0,4.0,4.0,4.0,0,0,0,0,0,0,0,1
English Coonhound,11.0,2.8,1,2,2,5,5,4,5,3,5,4,3,5.0,4.0,3.0,5.0,5.0,5.0,5.0,5.0,0,1,0,0,0,0,0,0
American Eskimo,14.0,4.0,5,4,2,5,5,5,4,5,3,5,2,5.0,4.0,3.0,3.0,4.0,5.0,4.0,5.0,0,0,0,0,0,0,0,0
American Foxhound,12.0,2.0,1,2,1,4,5,5,4,3,5,5,3,2.0,3.0,3.0,4.0,5.0,5.0,5.0,5.0,0,1,0,0,0,0,0,0
American Hairless Terrier,14.0,2.6,4,3,2,4,4,3,3,1,5,4,2,3.0,4.0,3.0,4.0,3.0,4.0,3.0,5.0,0,0,0,0,0,0,1,0
American Leopard Hound,14.0,3.2,2,4,3,5,4,4,3,2,4,4,4,4.0,4.0,3.0,4.0,4.0,4.0,4.0,4.0,0,1,0,0,0,0,0,0
American Pit Bull Terrier,14.0,2.4,3,2,1,5,5,1,5,4,5,4,3,4.0,4.0,5.0,3.0,3.0,4.0,4.0,5.0,0,0,0,0,0,0,1,0
Pit Bull,14.0,2.4,3,2,1,5,5,1,5,4,5,4,3,4.0,4.0,5.0,3.0,3.0,4.0,4.0,5.0,0,0,0,0,0,0,1,0
American Pugabull,13.0,2.6,3,3,1,5,4,3,3,3,4,2,3,3.0,3.0,2.0,4.0,4.0,4.0,3.0,5.0,0,0,0,1,0,0,0,0
American Staffordshire Terrier,12.0,2.2,2,2,2,4,4,2,4,2,4,3,3,4.0,4.0,5.0,3.0,4.0,3.0,3.0,4.0,0,0,0,0,0,0,1,0
American Water Spaniel,14.0,2.4,2,2,1,5,5,2,3,3,3,3,3,4.0,3.0,5.0,2.0,3.0,5.0,5.0,5.0,0,0,0,0,0,1,0,0
Anatol Shepherd,12.0,3.0,1,2,3,3,2,2,1,2,4,3,5,4.0,4.0,2.0,2.0,2.0,3.0,3.0,3.0,0,0,0,0,0,0,0,1
Appenzeller Sennenhunde,10.0,2.6,1,3,1,5,5,3,2,3,5,4,3,4.0,4.0,5.0,3.0,5.0,4.0,5.0,4.0,1,0,0,0,0,0,0,0
Auggie,14.0,3.2,2,3,3,5,5,5,4,4,2,3,3,5.0,5.0,3.0,3.0,4.0,5.0,5.0,5.0,0,0,0,1,0,0,0,0
Aussiedoodle,12.0,2.6,2,3,2,5,4,4,4,3,3,4,3,5.0,5.0,3.0,3.0,2.0,5.0,5.0,5.0,0,0,0,1,0,0,0,0
Aussiepom,14.0,2.6,3,2,2,4,3,4,4,3,2,4,3,4.0,4.0,4.0,2.0,3.0,5.0,4.0,5.0,0,0,0,1,0,0,0,0
Australian Cattle Dog,14.0,2.8,2,1,3,5,3,4,2,3,4,5,3,5.0,5.0,5.0,4.0,2.0,5.0,5.0,5.0,1,0,0,0,0,0,0,0
Queensland Heeler,14.0,2.8,2,1,3,5,3,4,2,3,4,5,3,5.0,5.0,5.0,4.0,2.0,5.0,5.0,5.0,1,0,0,0,0,0,0,0
Australian Kelpie,12.0,2.6,2,2,2,4,2,3,2,3,4,3,3,5.0,5.0,5.0,4.0,4.0,5.0,5.0,4.0,1,0,0,0,0,0,0,0
Australian Retriever,14.0,2.8,1,4,2,4,4,3,3,3,3,4,4,4.0,4.0,2.0,3.0,2.0,5.0,5.0,4.0,0,0,0,1,0,0,0,0
Australian Shepherd,14.0,2.8,1,2,2,5,4,5,3,3,1,2,3,5.0,5.0,4.0,4.0,4.0,5.0,5.0,5.0,1,0,0,0,0,0,0,0
Australian Shepherd Husky,14.0,2.6,1,2,1,5,3,2,2,4,3,3,4,4.0,5.0,3.0,4.0,5.0,5.0,5.0,5.0,0,0,0,1,0,0,0,0
Australian Shepherd Lab,14.0,3.6,2,2,4,4,4,4,4,4,4,4,4,5.0,5.0,4.0,3.0,3.0,5.0,5.0,5.0,0,0,0,1,0,0,0,0
Australian Shepherd Pit Bull,13.0,2.6,2,3,2,4,4,3,3,4,3,4,4,4.0,4.0,3.0,4.0,2.0,4.0,4.0,4.0,0,0,0,1,0,0,0,0
Australian Stumpy Tail Cattle Dog,14.0,2.4,1,2,2,3,3,2,2,4,3,4,3,3.0,4.0,3.0,3.0,2.0,5.0,5.0,3.0,1,0,0,0,0,0,0,0
Australian Terrier,15.0,3.0,5,3,2,4,3,2,3,1,5,5,1,3.0,4.0,1.0,5.0,5.0,5.0,4.0,5.0,0,0,0,0,0,0,1,0
Azawakh,14.0,2.8,5,2,3,4,2,3,2,3,5,3,4,3.0,3.0,3.0,4.0,1.0,3.0,4.0,3.0,0,1,0,0,0,0,0,0
Barbet,14.0,2.6,3,2,1,5,4,4,3,2,1,4,3,4.0,4.0,2.0,3.0,3.0,5.0,3.0,4.0,0,0,0,0,0,1,0,0
Basenji,11.0,3.4,5,4,4,5,5,4,5,1,5,2,2,1.0,4.0,5.0,5.0,1.0,5.0,5.0,2.0,0,1,0,0,0,0,0,0
Bassador,11.0,2.8,2,2,3,3,3,3,3,5,3,3,4,2.0,3.0,2.0,4.0,3.0,3.0,4.0,3.0,0,0,0,1,0,0,0,0
Basset Fauve De Bretagne,14.0,3.4,4,4,3,5,4,4,3,2,4,5,2,3.0,5.0,3.0,3.0,2.0,4.0,4.0,3.0,0,1,0,0,0,0,0,0
Basset Hound,11.0,3.6,5,4,3,5,5,5,5,4,5,1,3,2.0,4.0,3.0,5.0,4.0,2.0,2.0,2.0,0,1,0,0,0,0,0,0
Basset Retriever,11.0,2.8,3,3,2,4,4,3,4,2,4,4,3,4.0,5.0,3.0,5.0,2.0,4.0,4.0,4.0,0,0,0,1,0,0,0,0
Bavarian Mountain Scent Hound,12.0,2.2,2,3,2,5,4,3,2,1,3,4,3,3.0,4.0,2.0,4.0,2.0,4.0,4.0,4.0,0,1,0,0,0,0,0,0
Beabull,12.0,3.4,4,3,4,5,5,4,3,4,5,3,3,3.0,3.0,4.0,4.0,4.0,3.0,3.0,5.0,0,0,0,1,0,0,0,0
Beagle,12.0,2.8,4,3,1,5,5,5,5,3,4,1,2,1.0,4.0,3.0,5.0,5.0,4.0,4.0,5.0,0,1,0,0,0,0,0,0
Beaglier,12.0,3.2,5,4,1,5,5,5,5,3,4,2,2,2.0,4.0,3.0,3.0,4.0,3.0,4.0,5.0,0,0,0,1,0,0,0,0
Bearded Collie,13.0,3.4,3,4,2,5,4,5,4,4,2,3,3,5.0,4.0,3.0,3.0,3.0,4.0,4.0,5.0,1,0,0,0,0,0,0,0
Beauceron,11.0,High,No,No,Moderate,5,5,5,4,2,4,3,4,4.0,5.0,5.0,4.0,5.0,,,,1,0,0,0,0,0,0,0
Bedlington Terr,15.0,3.6,4,4,3,5,4,4,5,5,1,4,3,3.0,5.0,4.0,5.0,3.0,4.0,4.0,5.0,0,0,0,0,0,0,1,0
Belgian Laekenois,11.0,2.6,3,3,2,4,4,4,3,3,4,3,4,3.0,4.0,2.0,4.0,2.0,4.0,4.0,4.0,1,0,0,0,0,0,0,0
Belgian Malinois,13.0,3.2,1,3,3,5,4,2,3,2,5,4,4,5.0,5.0,3.0,4.0,2.0,5.0,5.0,5.0,1,0,0,0,0,0,0,0
Belgian Sheepdog,11.0,3.6,3,3,3,4,5,5,4,5,3,3,4,5.0,5.0,2.0,5.0,1.0,5.0,5.0,5.0,1,0,0,0,0,0,0,0
Belgian Tervuren,11.0,3.2,3,3,1,4,3,3,3,4,3,3,4,5.0,5.0,2.0,2.0,5.0,5.0,4.0,5.0,1,0,0,0,0,0,0,0
Bergamasco Sheepdog,14.0,3.2,3,4,3,4,5,4,4,2,4,5,3,3.0,5.0,2.0,2.0,3.0,4.0,3.0,4.0,1,0,0,0,0,0,0,0
Picardy Sheepdog,14.0,3.8,3,4,3,5,5,3,2,4,5,5,4,4.0,4.0,2.0,3.0,2.0,5.0,5.0,5.0,1,0,0,0,0,0,0,0
Bernedoodle,15.0,3.4,3,3,2,5,5,4,3,1,3,4,3,4.0,5.0,4.0,3.0,3.0,4.0,3.0,5.0,0,0,0,1,0,0,0,0
Bernese Mountain Dog,8.0,2.6,1,2,1,5,5,3,5,5,3,1,5,4.0,4.0,5.0,5.0,4.0,4.0,3.0,4.0,0,0,0,0,0,0,0,1
Bichon Frise,14.0,3.8,5,5,1,5,4,4,5,2,1,4,2,5.0,4.0,3.0,4.0,2.0,5.0,3.0,5.0,0,0,0,0,0,0,0,0
Biewer Terrier,14.0,3.2,5,3,3,5,4,3,3,1,4,4,1,3.0,4.0,3.0,1.0,3.0,5.0,3.0,4.0,0,0,0,0,0,0,1,0
Black/Tan Hound,11.0,2.4,1,2,2,5,5,5,5,5,4,5,3,2.0,5.0,1.0,5.0,5.0,5.0,5.0,5.0,0,1,0,0,0,0,0,0
Black Mouth Cur,15.0,2.4,1,2,2,5,5,3,3,3,5,4,4,3.0,4.0,3.0,5.0,4.0,4.0,5.0,4.0,0,0,0,0,0,0,0,1
Black Russian Terrier,10.0,3.0,3,2,2,4,5,2,2,3,2,3,5,4.0,4.0,4.0,2.0,3.0,3.0,4.0,5.0,0,0,0,0,0,0,0,1
Bloodhound,13.0,2.4,1,2,2,5,5,5,5,4,1,3,4,3.0,4.0,5.0,3.0,4.0,5.0,5.0,3.0,0,1,0,0,0,0,0,0
Blue Lacy,14.0,2.4,1,1,2,4,3,2,2,3,5,4,3,5.0,5.0,4.0,5.0,5.0,5.0,5.0,4.0,0,0,0,0,0,0,0,1
Bluetick Hound,11.0,2.8,2,2,2,5,5,3,3,2,5,4,3,2.0,4.0,3.0,4.0,4.0,5.0,5.0,5.0,0,1,0,0,0,0,0,0
Bocker,14.0,3.4,5,3,1,5,4,4,4,3,3,3,2,4.0,4.0,4.0,5.0,5.0,4.0,4.0,4.0,0,0,0,1,0,0,0,0
Boerboel,11.0,2.0,1,1,2,4,4,2,2,3,4,4,5,2.0,4.0,3.0,3.0,3.0,3.0,4.0,4.0,0,0,0,0,0,0,0,1
Boglen Terrier,12.0,3.2,4,4,2,5,5,5,5,2,4,3,2,2.0,2.0,4.0,4.0,4.0,4.0,4.0,5.0,0,0,0,1,0,0,0,0
Bohemian Shepherd,12.0,3.0,2,3,2,4,4,4,3,4,4,4,3,4.0,5.0,2.0,2.0,2.0,4.0,4.0,5.0,1,0,0,0,0,0,0,0
Bolognese,13.0,3.4,5,3,2,5,5,5,5,1,1,5,1,5.0,4.0,4.0,5.0,4.0,3.0,4.0,3.0,0,0,0,0,0,0,0,0
Borador,12.0,2.6,3,3,2,5,4,4,4,4,3,3,4,4.0,5.0,3.0,3.0,2.0,4.0,4.0,5.0,0,0,1,0,0,0,0,0
Border Collie,14.0,2.8,2,2,1,5,4,3,5,3,3,2,3,5.0,5.0,3.0,3.0,2.0,5.0,5.0,5.0,1,0,0,0,0,0,0,0
Border Sheepdog,14.0,2.6,2,3,2,5,4,3,3,3,3,4,3,4.0,5.0,4.0,3.0,4.0,5.0,5.0,4.0,0,0,0,1,0,0,0,0
Border Terrier,14.0,3.0,4,3,1,5,4,2,5,3,2,4,2,3.0,5.0,5.0,5.0,1.0,4.0,5.0,5.0,0,0,0,0,0,0,1,0
Bordoodle,14.0,3.6,4,4,3,4,5,3,2,2,4,4,3,4.0,5.0,3.0,2.0,2.0,3.0,3.0,4.0,0,0,0,1,0,0,0,0
Borzoi,11.0,3.6,5,3,1,4,3,4,4,5,4,4,5,3.0,4.0,3.0,5.0,2.0,2.0,2.0,3.0,0,1,0,0,0,0,0,0
BoShih,14.0,3.0,5,4,1,4,2,3,4,2,5,3,2,2.0,3.0,1.0,1.0,2.0,3.0,3.0,5.0,0,0,0,1,0,0,0,0
Bossie,14.0,3.0,2,2,5,4,4,4,4,2,3,3,3,4.0,4.0,3.0,3.0,3.0,4.0,5.0,5.0,0,0,0,1,0,0,0,0
Boston Boxer,14.0,3.0,4,3,2,4,4,4,2,3,4,4,3,3.0,4.0,3.0,3.0,3.0,4.0,4.0,5.0,0,0,0,1,0,0,0,0
Boston Terrier,14.0,4.0,5,4,3,4,5,5,4,2,5,4,2,4.0,4.0,2.0,2.0,3.0,4.0,4.0,5.0,0,0,0,0,0,0,0,0
Boston Terrier Pekingese Mix,12.0,2.8,4,3,2,4,4,3,3,2,4,4,1,2.0,4.0,3.0,2.0,4.0,3.0,3.0,4.0,0,0,0,1,0,0,0,0
Bouvier des Flandres,11.0,3.0,3,2,2,5,5,2,2,1,2,3,4,5.0,4.0,2.0,2.0,4.0,4.0,4.0,4.0,1,0,0,0,0,0,0,0
Boxador,14.0,2.0,2,2,1,5,4,4,4,4,5,2,4,5.0,5.0,3.0,2.0,3.0,5.0,5.0,5.0,0,0,0,1,0,0,0,0
Boxer,11.0,2.8,4,3,1,5,4,3,4,4,5,2,3,4.0,4.0,2.0,3.0,3.0,5.0,5.0,5.0,0,0,0,0,0,0,0,1
Boxerdoodle,11.0,2.4,1,3,2,4,3,4,3,2,3,3,3,4.0,4.0,2.0,3.0,2.0,4.0,4.0,5.0,0,0,0,1,0,0,0,0
Boxmatian,12.0,2.0,1,2,2,4,3,2,1,3,3,5,5,3.0,4.0,4.0,3.0,3.0,5.0,5.0,4.0,0,0,0,1,0,0,0,0
Boxweiler,10.0,2.8,2,3,2,5,4,4,2,3,3,3,4,4.0,4.0,2.0,2.0,3.0,4.0,4.0,4.0,0,0,0,1,0,0,0,0
Boykin Span,11.0,2.8,1,3,3,5,5,4,3,4,1,2,3,4.0,4.0,4.0,2.0,3.0,5.0,5.0,4.0,0,0,0,0,0,1,0,0
Bracco Italiano,12.0,2.6,1,2,3,5,4,5,3,3,5,2,4,3.0,4.0,2.0,5.0,2.0,4.0,5.0,4.0,0,0,0,0,0,1,0,0
Braque du Bourbonnais,14.0,2.2,1,3,2,5,4,4,4,2,4,4,3,4.0,4.0,3.0,4.0,3.0,5.0,5.0,3.0,0,0,0,0,0,0,0,1
Briard,11.0,3.4,3,3,3,4,5,5,2,1,1,3,4,4.0,4.0,2.0,3.0,4.0,4.0,4.0,4.0,1,0,0,0,0,0,0,0
Brittany,12.0,2.8,1,3,1,5,5,5,4,3,3,4,3,3.0,5.0,3.0,5.0,3.0,5.0,5.0,5.0,0,0,0,0,0,1,0,0
Broholmer,10.0,3.0,2,4,3,5,4,3,3,3,4,4,5,4.0,4.0,3.0,2.0,3.0,3.0,3.0,3.0,0,0,0,0,0,0,0,0
Bruss Griffon,14.0,2.8,5,2,1,5,4,4,3,3,3,3,1,3.0,4.0,3.0,1.0,4.0,5.0,4.0,5.0,0,0,0,0,0,0,0,0
Bugg,12.0,3.2,5,4,2,4,3,2,3,2,4,4,2,3.0,4.0,4.0,3.0,4.0,4.0,2.0,4.0,0,0,0,1,0,0,0,0
Bull Arab,14.0,2.4,2,1,3,3,3,1,2,2,4,4,4,2.0,4.0,3.0,5.0,2.0,4.0,4.0,2.0,0,0,1,0,0,0,0,0
Bull-Pei,10.0,2.6,4,2,3,3,2,2,2,4,4,3,3,3.0,2.0,4.0,2.0,2.0,2.0,2.0,2.0,0,0,0,1,0,0,0,0
Bull Terrier,12.0,3.0,4,3,2,5,5,4,5,3,5,4,2,5.0,4.0,4.0,4.0,1.0,4.0,5.0,5.0,0,0,0,0,0,0,1,0
Bull Terrier Miniature,12.0,3.0,5,4,3,5,5,4,5,3,5,4,2,5.0,4.0,4.0,4.0,1.0,4.0,5.0,5.0,0,0,0,0,0,0,1,0
Bullador,11.0,2.4,2,2,2,4,4,4,4,4,4,3,4,4.0,4.0,2.0,4.0,4.0,4.0,4.0,4.0,0,0,0,1,0,0,0,0
Bullboxer Pit,12.0,2.0,1,2,2,4,4,2,2,4,4,4,3,2.0,4.0,4.0,5.0,4.0,5.0,5.0,4.0,0,0,0,1,0,0,0,0
Bulldog,10.0,3.4,5,4,3,5,4,2,5,3,5,4,2,3.0,2.0,2.0,2.0,4.0,2.0,3.0,4.0,0,0,0,0,0,0,0,0
English Bulldog,10.0,3.4,5,4,3,5,4,2,5,3,5,4,2,3.0,2.0,2.0,2.0,4.0,2.0,3.0,4.0,0,0,0,0,0,0,0,0
Old English Bulldog,11.5,3.2,4,4,2,4,4,4,4,3,2,4,3,4.0,4.0,3.0,3.0,3.0,4.0,4.0,4.0,0,0,0,0,1,0,0,0
Bullmastiff,9.0,3.0,3,2,2,5,5,4,3,1,5,2,5,3.0,3.0,3.0,3.0,4.0,2.0,3.0,5.0,0,0,0,0,0,0,0,1
Bullmatian,10.0,2.2,2,1,3,4,5,4,3,2,4,4,3,1.0,4.0,3.0,3.0,2.0,5.0,4.0,4.0,0,0,0,1,0,0,0,0
Cairn Terrier,14.0,3.4,5,4,1,5,5,4,4,3,5,4,1,2.0,5.0,3.0,4.0,4.0,5.0,4.0,5.0,0,0,0,0,0,0,1,0
Canaan Dog,14.0,3.2,4,2,3,4,2,3,2,4,5,5,3,5.0,4.0,3.0,3.0,3.0,4.0,3.0,4.0,1,0,0,0,0,0,0,0
Cane Corso,11.0,1.8,1,1,1,4,2,3,2,3,5,3,4,4.0,5.0,2.0,5.0,3.0,4.0,5.0,2.0,0,0,0,0,0,0,0,1
Cardigan Welsh Corgi,14.0,3.8,4,4,3,5,4,3,3,4,3,4,2,4.0,5.0,2.0,4.0,4.0,3.0,3.0,4.0,1,0,0,0,0,0,0,0
Carolina Dog,14.0,2.2,2,2,1,2,3,5,2,4,4,5,3,2.0,4.0,2.0,5.0,1.0,4.0,4.0,3.0,0,1,0,0,0,0,0,0
Catahoula Bulldog,12.0,1.6,1,1,3,4,3,2,1,1,5,4,4,2.0,3.0,4.0,5.0,3.0,5.0,5.0,4.0,0,0,0,1,0,0,0,0
Catahoula,12.0,1.8,1,1,2,5,3,1,1,3,5,3,4,2.0,3.0,3.0,1.0,3.0,4.0,5.0,2.0,1,0,0,0,0,0,0,0
Caucasian Shepherd Dog,11.0,2.6,2,1,3,4,2,2,2,4,2,3,5,2.0,4.0,4.0,3.0,3.0,2.0,2.0,3.0,0,0,0,0,0,0,0,1
Cav-a-Jack,14.0,3.0,4,4,1,4,4,4,4,2,4,3,2,4.0,4.0,3.0,4.0,3.0,4.0,4.0,5.0,0,0,0,1,0,0,0,0
Cavachon,12.0,3.8,5,5,1,5,5,5,5,2,2,4,2,4.0,4.0,3.0,4.0,3.0,4.0,4.0,5.0,0,0,0,1,0,0,0,0
Cavador,12.0,3.4,3,5,2,5,5,4,3,3,4,4,3,4.0,4.0,2.0,3.0,3.0,4.0,4.0,5.0,0,0,0,1,0,0,0,0
Cavalier Span,12.0,3.8,5,5,1,5,5,5,5,3,4,4,2,4.0,4.0,3.0,3.0,2.0,3.0,4.0,5.0,0,0,0,0,0,0,0,0
Cavapoo,14.0,3.0,3,3,2,5,5,4,4,2,3,3,2,4.0,4.0,3.0,3.0,2.0,3.0,3.0,5.0,0,0,0,1,0,0,0,0
Central Asian Shepherd Dog,14.0,2.6,1,1,2,3,3,4,2,4,5,5,4,2.0,5.0,2.0,1.0,3.0,3.0,4.0,2.0,0,0,0,0,0,0,0,1
Cesky Terrier,12.0,3.8,5,4,3,5,3,2,3,1,4,5,2,4.0,3.0,3.0,2.0,3.0,2.0,3.0,5.0,0,0,0,0,0,0,1,0
Chabrador,11.0,3.4,4,2,3,4,4,2,2,4,4,4,3,2.0,4.0,4.0,4.0,3.0,3.0,3.0,4.0,0,0,0,1,0,0,0,0
Cheagle,12.0,2.8,4,4,1,5,3,3,2,3,5,3,2,2.0,4.0,3.0,4.0,4.0,4.0,3.0,4.0,0,0,0,1,0,0,0,0
Chesa Bay Retr,11.0,2.2,1,1,2,5,3,1,1,5,5,4,3,3.0,4.0,3.0,3.0,3.0,5.0,5.0,4.0,0,0,0,0,0,1,0,0
Chi Chi,16.0,2.8,4,2,2,3,3,2,3,2,4,4,2,3.0,4.0,3.0,3.0,4.0,4.0,3.0,4.0,0,0,0,1,0,0,0,0
Chi-Poo,14.0,4.2,5,5,4,5,5,3,3,2,3,2,2,5.0,5.0,3.0,3.0,3.0,3.0,2.0,4.0,0,0,0,1,0,0,0,0
Chigi,13.0,3.4,3,4,2,5,5,2,2,4,5,3,1,4.0,4.0,2.0,3.0,2.0,4.0,4.0,4.0,0,0,0,1,0,0,0,0
Chihuahua Longhair,14.0,3.2,5,4,2,5,5,2,2,3,2,2,1,4.0,4.0,3.0,3.0,3.0,3.0,1.0,4.0,0,0,0,0,0,0,0,0
Chihuahua Shorthair,14.0,3.2,5,4,1,5,5,2,2,2,5,2,1,4.0,4.0,3.0,3.0,3.0,3.0,1.0,4.0,0,0,0,0,0,0,0,0
Chilier,14.0,2.8,4,2,2,4,4,4,3,2,4,4,2,2.0,4.0,3.0,3.0,3.0,4.0,3.0,4.0,0,0,0,1,0,0,0,0
Chinese Crested,12.0,3.0,5,3,1,4,5,4,4,2,2,5,2,4.0,3.0,4.0,3.0,3.0,2.0,2.0,3.0,0,0,0,0,0,0,0,0
Chinese Sharpei,10.0,2.8,4,2,4,2,2,1,2,2,5,1,3,3.0,2.0,5.0,2.0,5.0,2.0,3.0,1.0,0,0,0,0,0,0,0,1
Chinook,14.0,3.2,4,1,1,5,5,5,4,5,2,4,4,4.0,5.0,3.0,2.0,2.0,3.0,3.0,4.0,0,0,0,0,0,0,0,1
Chion,12.0,2.8,4,3,2,5,3,3,2,2,3,4,2,3.0,3.0,4.0,3.0,4.0,4.0,2.0,4.0,0,0,0,1,0,0,0,0
Chipin,12.0,3.2,5,4,1,5,4,2,2,2,5,3,1,4.0,3.0,2.0,3.0,2.0,4.0,2.0,5.0,0,0,0,1,0,0,0,0
Chiweenie,14.0,3.0,5,3,2,4,2,3,2,1,5,3,1,2.0,4.0,2.0,3.0,5.0,4.0,4.0,5.0,0,0,0,1,0,0,0,0
Chorkie,14.0,3.4,5,5,1,4,3,3,2,2,3,3,1,3.0,3.0,2.0,2.0,4.0,4.0,3.0,5.0,0,0,0,1,0,0,0,0
Chow Chow,14.0,3.4,3,2,5,2,1,1,1,1,1,2,4,2.0,1.0,5.0,2.0,1.0,2.0,2.0,1.0,0,0,0,0,0,0,0,1
Chow Shepherd,14.0,3.2,3,2,2,3,3,2,2,5,1,3,4,3.0,3.0,3.0,3.0,2.0,5.0,5.0,4.0,0,0,0,1,0,0,0,0
Chug,12.0,3.2,5,3,3,5,4,3,3,4,4,4,1,3.0,3.0,3.0,2.0,2.0,4.0,3.0,4.0,0,0,0,1,0,0,0,0
Chusky,12.0,3.0,2,2,3,4,4,3,3,5,2,3,3,3.0,4.0,3.0,3.0,4.0,4.0,4.0,4.0,0,0,0,1,0,0,0,0
Cirneco dellâ€™Etna,13.0,3.2,4,3,3,5,5,4,3,2,4,5,3,3.0,3.0,2.0,4.0,3.0,4.0,3.0,4.0,0,0,0,0,0,0,0,0
Clumber Spaniel,12.0,4.2,5,5,2,5,3,4,3,5,1,2,3,4.0,3.0,5.0,5.0,1.0,3.0,2.0,5.0,0,0,0,0,0,1,0,0
Cockalier,14.0,3.2,4,4,2,5,5,4,3,2,4,4,2,4.0,4.0,2.0,3.0,2.0,4.0,4.0,5.0,0,0,0,1,0,0,0,0
Cockapoo,14.0,4.0,4,5,3,5,4,5,4,1,3,2,2,4.0,4.0,2.0,3.0,2.0,3.0,3.0,5.0,0,0,1,0,0,0,0,0
Cocker Spaniel,14.0,3.6,5,3,1,5,3,4,3,3,1,4,2,5.0,4.0,4.0,5.0,3.0,4.0,3.0,4.0,0,0,0,0,0,1,0,0
Collie Rough,12.0,3.6,3,4,2,5,5,4,4,5,2,3,3,4.0,4.0,3.0,4.0,4.0,3.0,3.0,4.0,1,0,0,0,0,0,0,0
Collie Smooth,12.0,3.6,3,4,2,5,5,4,4,4,4,3,3,4.0,4.0,3.0,4.0,4.0,3.0,3.0,4.0,1,0,0,0,0,0,0,0
Corgi Inu,14.0,3.4,4,3,3,3,3,3,2,5,2,3,2,4.0,4.0,3.0,3.0,3.0,4.0,4.0,4.0,0,0,0,1,0,0,0,0
Corgidor,12.0,3.0,3,2,3,5,4,3,4,5,4,4,3,4.0,5.0,3.0,3.0,2.0,5.0,4.0,5.0,0,0,0,1,0,0,0,0
Corman Shepherd,12.0,2.8,2,2,3,4,4,4,3,5,3,3,3,4.0,5.0,3.0,3.0,3.0,4.0,4.0,4.0,0,0,0,1,0,0,0,0
Coton De Tulear,14.0,3.6,5,4,1,5,5,5,5,1,2,5,1,3.0,4.0,3.0,1.0,2.0,3.0,3.0,5.0,0,0,0,0,0,0,0,0
Croatian Sheepdog,13.0,3.0,3,2,3,4,3,2,2,5,2,4,3,3.0,4.0,4.0,3.0,4.0,4.0,4.0,4.0,1,0,0,0,0,0,0,0
Curly Coat Retriever,10.0,2.8,1,3,3,5,5,4,3,3,3,2,3,4.0,5.0,5.0,5.0,3.0,5.0,4.0,5.0,0,0,0,0,0,1,0,0
Dachsador,13.0,2.8,4,2,2,4,4,3,4,2,4,4,2,3.0,4.0,2.0,4.0,2.0,4.0,4.0,4.0,0,0,0,1,0,0,0,0
Dachshund,14.0,3.4,5,4,3,4,5,3,1,3,3,2,1,2.0,4.0,4.0,5.0,5.0,3.0,3.0,4.0,0,1,0,0,0,0,0,0
Dachshund Longhair,13.5,3.5,3,3,3,5,5,4,3,3,2,3,3,3.0,3.0,4.0,3.0,4.0,3.0,3.0,4.0,0,1,0,0,0,0,0,0
Dachshund Wirehair,13.5,3.5,3,3,3,4,4,3,3,3,2,3,3,3.0,3.0,4.0,3.0,4.0,3.0,3.0,4.0,0,1,0,0,0,0,0,0
Dalmatian,14.0,3.0,2,3,3,5,4,4,3,5,5,4,3,4.0,4.0,2.0,2.0,2.0,5.0,5.0,4.0,0,0,0,0,0,0,0,0
Dandie Dinmont,14.0,3.2,4,4,2,5,4,3,3,3,2,3,1,2.0,3.0,3.0,4.0,2.0,3.0,2.0,4.0,0,0,0,0,0,0,1,0
Daniff,10.0,2.4,2,2,1,5,4,4,3,2,1,3,5,4.0,4.0,2.0,2.0,1.0,3.0,4.0,4.0,0,0,0,1,0,0,0,0
Danish-Swedish Farmdog,12.0,3.2,3,2,4,5,5,5,3,5,4,5,2,5.0,4.0,2.0,5.0,4.0,4.0,5.0,4.0,0,0,0,0,0,0,0,1
Deutscher Wachtelhund,13.0,2.8,3,3,2,5,4,4,3,3,3,5,4,4.0,4.0,3.0,4.0,3.0,4.0,4.0,4.0,0,0,0,0,0,1,0,0
Doberdor,12.0,1.8,1,1,2,3,3,3,1,1,4,4,5,1.0,4.0,3.0,4.0,4.0,5.0,5.0,4.0,0,0,0,1,0,0,0,0
Doberman Pinsch,12.0,2.8,3,3,2,5,3,1,3,4,5,1,4,5.0,5.0,2.0,1.0,1.0,3.0,3.0,5.0,0,0,0,0,0,0,0,1
Docker,13.0,2.8,3,2,2,5,3,3,2,3,3,3,2,3.0,4.0,5.0,5.0,4.0,3.0,3.0,4.0,0,0,0,1,0,0,0,0
Dogo Argentino,12.0,1.8,1,1,2,4,2,2,2,1,4,3,4,2.0,3.0,2.0,5.0,2.0,4.0,4.0,3.0,0,0,0,0,0,1,0,0
Dogue De Bordeaux,10.0,3.0,5,1,2,5,5,1,1,3,5,2,4,2.0,3.0,4.0,4.0,2.0,2.0,5.0,3.0,0,0,0,0,0,0,0,1
Dorgi,14.0,3.2,4,4,1,4,4,4,3,2,4,4,2,3.0,4.0,4.0,3.0,3.0,4.0,4.0,5.0,0,0,0,1,0,0,0,0
Dorkie,14.0,3.4,5,4,2,4,4,4,4,3,2,2,1,3.0,4.0,2.0,3.0,2.0,2.0,2.0,3.0,0,0,0,1,0,0,0,0
Doxiepoo,12.0,3.4,5,3,2,5,2,1,3,3,3,2,2,3.0,5.0,3.0,4.0,5.0,4.0,4.0,5.0,0,0,0,1,0,0,0,0
Doxle,13.0,2.6,2,4,1,5,4,5,4,5,4,4,2,3.0,4.0,3.0,5.0,5.0,5.0,5.0,5.0,0,0,0,1,0,0,0,0
Drentsche Patrijshond,12.0,3.2,3,2,3,5,4,4,3,4,3,4,3,2.0,4.0,3.0,4.0,2.0,5.0,4.0,4.0,0,0,0,0,0,0,0,1
Drever,14.0,2.6,4,3,2,5,5,4,3,3,3,5,3,3.0,4.0,4.0,3.0,4.0,5.0,4.0,4.0,0,1,0,0,0,0,0,0
Dutch Sheepdog,13.5,5,5,5,4,5,5,5,5,1,5,2,5,5.0,5.0,5.0,5.0,5.0,,,,1,0,0,0,0,0,0,0
Dutch Shepherd,14.0,3.0,3,3,2,4,4,4,2,4,3,4,3,5.0,4.0,2.0,3.0,2.0,4.0,4.0,4.0,1,0,0,0,0,0,0,0
English Cocker Spaniel,13.0,3.8,5,4,1,5,5,5,5,3,3,4,2,4.0,5.0,3.0,5.0,4.0,5.0,4.0,5.0,0,0,0,0,0,1,0,0
English Foxhound,12.0,2.6,1,2,4,4,4,5,3,3,5,4,3,3.0,3.0,4.0,5.0,4.0,5.0,5.0,5.0,0,1,0,0,0,0,0,0
English Setter,13.0,2.6,1,3,1,5,5,5,5,3,3,3,3,3.0,5.0,4.0,5.0,4.0,4.0,5.0,5.0,0,0,0,0,0,1,0,0
English Shepherd,12.0,2.8,3,2,3,5,5,5,5,4,3,3,2,5.0,5.0,5.0,5.0,4.67,5.0,5.0,5.0,0,0,0,0,0,0,0,1
English Springer Spaniel,12.0,2.4,1,3,1,5,5,5,4,3,2,3,3,5.0,5.0,3.0,5.0,3.0,5.0,5.0,5.0,0,0,0,0,0,1,0,0
Eng Toy Spaniel,11.0,3.0,4,4,1,5,1,4,4,5,4,2,2,3.0,3.0,4.0,4.0,3.0,3.0,2.0,4.0,0,0,0,0,0,0,0,0
Entlebucher,12.0,2.8,1,2,3,5,5,3,2,3,5,3,3,3.0,4.0,4.0,4.0,5.0,5.0,5.0,5.0,1,0,0,0,0,0,0,0
Estrela Mountain Dog,13.0,2.6,1,3,3,5,5,3,2,4,2,4,4,4.0,5.0,2.0,1.0,3.0,3.0,3.0,3.0,1,0,0,0,0,0,0,0
Eurasier,13.0,2.8,4,3,1,3,5,4,2,4,3,4,4,4.0,4.0,2.0,1.0,2.0,3.0,3.0,3.0,0,0,0,0,0,0,0,0
Field Spaniel,11.0,2.4,1,3,1,5,5,4,4,3,4,3,2,5.0,5.0,3.0,4.0,2.0,5.0,5.0,5.0,0,0,0,0,0,1,0,0
Fila Brasileiro,10.0,2.0,1,1,3,3,3,2,1,2,4,3,5,2.0,4.0,3.0,5.0,3.0,4.0,4.0,2.0,0,0,0,0,0,0,0,1
Finnish Lapphund,14.0,3.8,4,4,2,5,5,5,4,3,4,4,3,5.0,5.0,4.0,4.0,3.0,5.0,4.0,5.0,1,0,0,0,0,0,0,0
Finnish Spitz,14.0,3.0,3,3,1,5,5,5,3,4,2,4,3,3.0,4.0,3.0,3.0,5.0,5.0,5.0,5.0,0,0,0,0,0,1,0,0
Flat Coat Retriever,11.0,2.6,1,2,1,5,5,5,5,3,4,4,3,4.0,5.0,3.0,3.0,4.0,5.0,5.0,5.0,0,0,0,0,0,1,0,0
Wire Hair Fox Terrier,12.0,3.0,3,3,3,4,4,3,3,2,2,4,2,5.0,5.0,3.0,5.0,3.0,5.0,5.0,5.0,0,0,0,0,0,0,1,0
French Bulldog,12.0,3.2,5,5,1,5,4,4,4,3,5,2,2,4.0,3.0,3.0,2.0,3.0,3.0,2.0,5.0,0,0,0,0,0,0,0,0
French Bullhuahua,12.0,2.8,4,3,2,4,3,2,3,3,4,4,1,3.0,3.0,4.0,3.0,4.0,3.0,3.0,4.0,0,0,0,1,0,0,0,0
French Spaniel,11.0,3.4,2,4,3,5,4,4,4,3,3,4,3,4.0,4.0,2.0,3.0,2.0,5.0,4.0,4.0,0,0,0,0,0,1,0,0
Frenchton,14.0,3.6,5,5,2,5,5,5,5,4,5,4,2,4.0,4.0,2.0,2.0,3.0,3.0,3.0,5.0,0,0,0,1,0,0,0,0
Frengle,12.0,3.4,4,4,3,5,5,4,4,3,5,4,3,3.0,4.0,3.0,3.0,2.0,4.0,4.0,5.0,0,0,0,1,0,0,0,0
German Longhaired Pointer,12.0,2.6,2,2,3,5,4,4,4,2,5,4,4,4.0,4.0,2.0,3.0,3.0,5.0,5.0,3.0,0,0,0,0,0,1,0,0
German Pinscher,13.0,3.2,3,3,3,5,3,2,2,3,5,4,3,4.0,5.0,3.0,5.0,3.0,5.0,5.0,5.0,0,0,0,0,0,0,0,1
German Shepherd,12.0,3.2,3,2,2,5,5,2,4,5,5,4,4,5.0,5.0,5.0,4.0,4.0,5.0,5.0,5.0,1,0,0,0,0,0,0,0
German Shepherd Pit Bull,11.0,2.0,1,1,1,5,5,4,4,5,5,4,4,5.0,5.0,5.0,4.0,4.0,5.0,5.0,5.0,0,0,0,1,0,0,0,0
German Shepherd Rottweiler Mix,11.0,3.4,3,4,3,4,4,3,3,5,3,3,4,3.0,4.0,3.0,3.0,3.0,4.0,4.0,4.0,0,0,0,1,0,0,0,0
German Sheprador,11.0,2.8,2,1,2,5,5,4,4,5,5,3,4,5.0,5.0,5.0,3.0,2.0,5.0,5.0,5.0,0,0,0,1,0,0,0,0
German Shorthair Pointer,14.0,2.0,1,2,1,5,5,4,3,2,5,3,3,5.0,5.0,4.0,5.0,3.0,5.0,5.0,5.0,0,0,0,0,0,1,0,0
German Spitz,14.0,3.0,4,2,3,5,4,3,3,4,2,4,1,2.0,4.0,4.0,5.0,4.0,5.0,4.0,4.0,0,0,0,0,0,0,0,0
German Wirehaired Pointer,13.0,2.8,2,3,2,5,3,3,2,2,4,4,4,4.0,5.0,4.0,4.0,3.0,5.0,5.0,5.0,0,0,0,0,0,1,0,0
Schnauzer Giant,11.0,2.4,1,1,2,5,3,3,2,4,2,4,4,5.0,4.0,3.0,4.0,4.0,5.0,5.0,5.0,0,0,0,0,0,0,0,1
Glen Of Imaal,14.0,3.0,4,2,3,5,5,2,3,1,5,5,1,4.0,4.0,3.0,5.0,4.0,4.0,4.0,4.0,0,0,0,0,0,0,1,0
Goberian,12.0,2.6,1,2,2,4,4,4,2,2,5,4,4,2.0,5.0,3.0,4.0,2.0,5.0,5.0,4.0,0,0,0,1,0,0,0,0
Goldador,12.0,3.6,2,4,4,5,5,5,5,3,4,4,4,4.0,5.0,2.0,1.0,1.0,5.0,5.0,5.0,0,0,1,0,0,0,0,0
Golden Cocker Retriever,14.0,2.4,1,4,1,5,4,4,3,4,4,4,3,4.0,4.0,2.0,2.0,3.0,5.0,4.0,5.0,0,0,0,1,0,0,0,0
Golden Mountain Dog,12.0,2.4,1,2,2,5,5,4,3,4,2,3,5,4.0,4.0,2.0,2.0,3.0,4.0,5.0,5.0,0,0,0,1,0,0,0,0
Golden Retriever,11.0,2.8,2,3,1,5,5,5,5,5,2,2,3,5.0,5.0,5.0,3.0,3.0,5.0,5.0,5.0,0,0,0,0,0,1,0,0
Golden Retriever Corgi,12.0,3.2,3,4,3,5,5,4,4,4,3,3,3,4.0,4.0,3.0,2.0,3.0,4.0,3.0,5.0,0,0,0,1,0,0,0,0
Golden Shepherd,12.0,3.0,2,2,1,5,5,3,5,5,2,3,5,5.0,5.0,5.0,3.0,3.0,5.0,5.0,5.0,0,0,0,1,0,0,0,0
Goldendoodle,12.0,3.0,1,4,3,5,5,5,4,2,4,3,4,4.0,5.0,1.0,1.0,3.0,4.0,5.0,5.0,0,0,1,0,0,0,0,0
Gollie,14.0,2.6,1,4,2,5,5,4,4,4,3,3,3,4.0,4.0,2.0,2.0,2.0,5.0,4.0,5.0,0,0,0,1,0,0,0,0
Gordon Setter,11.0,2.8,2,3,1,5,3,2,3,5,2,4,3,5.0,5.0,3.0,4.0,5.0,5.0,5.0,5.0,0,0,0,0,0,1,0,0
Great Dane,8.0,2.0,1,1,1,5,5,5,5,5,5,4,5,5.0,3.0,2.0,3.0,4.0,5.0,5.0,5.0,0,0,0,0,0,0,0,1
Great Pyrenees,11.0,2.8,1,1,3,5,4,4,3,5,4,2,5,1.0,4.0,2.0,5.0,5.0,5.0,5.0,4.0,0,0,0,0,0,0,0,1
Greater Swiss Mountain Dog,8.0,3.0,1,2,3,5,5,5,3,3,5,2,5,3.0,3.0,3.0,4.0,4.0,5.0,3.0,5.0,0,0,0,0,0,0,0,1
Swiss Hound,12.0,3.0,4,3,2,3,3,3,4,3,4,4,3,3.0,5.0,4.0,4.0,3.0,3.0,2.0,4.0,0,1,0,0,0,0,0,0
Greyador,12.0,2.4,3,2,1,5,5,5,5,5,5,4,4,3.0,5.0,5.0,4.0,4.0,4.0,4.0,4.0,0,0,0,1,0,0,0,0
Greyhound,14.0,2.6,4,2,1,5,5,4,5,4,5,4,4,5.0,5.0,4.0,5.0,2.0,5.0,5.0,4.0,0,1,0,0,0,0,0,0
Hamiltonstovare,16.0,3.0,3,2,3,5,4,3,3,1,4,4,3,3.0,4.0,2.0,5.0,3.0,5.0,4.0,4.0,0,1,0,0,0,0,0,0
Hanoverian Scenthound,13.0,2.6,2,1,3,5,5,4,3,2,4,4,4,2.0,4.0,2.0,4.0,3.0,4.0,4.0,4.0,0,0,0,0,0,0,0,1
Harrier,11.0,2.4,1,3,3,4,5,5,5,3,5,5,3,2.0,4.0,3.0,4.0,4.0,5.0,5.0,5.0,0,1,0,0,0,0,0,0
Havanese,14.0,3.6,5,5,1,5,4,5,5,2,1,3,2,5.0,4.0,3.0,4.0,2.0,3.0,3.0,5.0,0,0,0,0,0,0,0,0
Havapoo,12.0,3.6,5,5,1,5,4,4,4,1,1,3,2,5.0,5.0,3.0,3.0,2.0,3.0,3.0,5.0,0,0,0,1,0,0,0,0
Hokkaido,12.0,3.0,3,2,3,4,4,3,3,4,1,5,3,3.0,4.0,3.0,4.0,3.0,3.0,3.0,3.0,0,0,0,0,0,0,0,1
Horgi,14.0,2.8,2,2,2,5,5,4,5,4,3,3,2,4.0,4.0,4.0,4.0,3.0,4.0,4.0,4.0,0,0,0,1,0,0,0,0
Hovawart,12.0,2.4,1,2,2,4,4,2,2,3,4,4,4,2.0,4.0,2.0,2.0,2.0,4.0,4.0,4.0,0,0,0,0,0,0,0,1
Huskita,12.0,2.6,2,1,1,5,2,2,3,4,1,4,4,2.0,3.0,3.0,4.0,5.0,4.0,5.0,5.0,0,0,0,1,0,0,0,0
Huskydoodle,12.0,2.6,2,2,2,4,4,4,3,3,3,4,3,3.0,5.0,3.0,4.0,2.0,5.0,5.0,4.0,0,0,0,1,0,0,0,0
Ibizan Hound,12.0,3.0,5,3,2,5,5,5,4,3,5,4,3,3.0,4.0,3.0,5.0,2.0,5.0,5.0,5.0,0,1,0,0,0,0,0,0
Icelandic Sheepdog,14.0,2.4,1,1,2,4,4,2,2,5,1,3,3,3.0,4.0,3.0,4.0,1.0,4.0,4.0,4.0,1,0,0,0,0,0,0,0
Irish Red And White Setter,12.0,2.6,1,3,1,5,4,4,4,3,3,2,3,4.0,4.0,4.0,3.0,3.0,5.0,5.0,5.0,0,0,0,0,0,1,0,0
Irish Setter,13.0,2.8,1,3,2,5,5,5,5,4,3,2,4,4.0,5.0,5.0,5.0,4.0,5.0,5.0,5.0,0,0,0,0,0,1,0,0
Irish Terrier,14.0,2.8,3,2,2,5,5,1,3,4,2,5,3,1.0,4.0,1.0,2.0,4.0,5.0,4.0,5.0,0,0,0,0,0,0,1,0
Irish Water Spaniel,11.0,3.2,3,2,3,5,5,4,5,1,3,2,3,5.0,4.0,3.0,5.0,4.0,5.0,5.0,4.0,0,0,0,0,0,1,0,0
Irish Wolfhound,7.0,2.4,1,2,2,5,5,5,5,3,3,1,5,3.0,4.0,3.0,5.0,1.0,2.0,4.0,4.0,0,1,0,0,0,0,0,0
Italian Greyhound,14.0,3.4,5,5,1,5,5,4,4,2,5,3,2,3.0,3.0,4.0,5.0,3.0,4.0,4.0,4.0,0,0,0,0,0,0,0,0
Jack-A-Poo,14.0,3.6,4,4,2,5,5,5,4,2,2,3,2,4.0,5.0,4.0,4.0,3.0,5.0,5.0,5.0,0,0,0,1,0,0,0,0
Jack Chi,16.0,2.8,4,2,3,4,5,4,3,2,5,4,2,2.0,4.0,2.0,4.0,2.0,4.0,4.0,5.0,0,0,0,1,0,0,0,0
Jack Russell Terrier,12.0,3.0,3,2,3,5,4,5,4,3,3,4,2,4.0,5.0,4.0,5.0,4.0,5.0,5.0,5.0,0,0,0,0,0,0,1,0
Jackshund,14.0,3.0,4,2,3,5,4,4,3,3,3,3,2,3.0,5.0,4.0,5.0,5.0,4.0,4.0,5.0,0,0,0,1,0,0,0,0
Japanese Chin,12.0,3.2,5,4,1,3,3,3,4,3,3,3,1,3.0,3.0,4.0,3.0,3.0,2.0,2.0,4.0,0,0,0,0,0,0,0,0
Japanese Spitz,13.0,3.4,4,4,2,4,5,4,2,3,4,3,2,4.0,4.0,2.0,2.0,4.0,3.0,3.0,4.0,0,0,0,0,0,0,0,0
Jindo,14.0,3.0,3,2,2,5,3,3,4,5,1,4,3,2.0,5.0,2.0,5.0,,4.0,5.0,4.0,0,0,0,0,0,1,0,0
Kai Ken,14.0,2.6,2,2,3,4,4,3,2,4,2,4,3,3.0,5.0,2.0,5.0,2.0,5.0,5.0,3.0,0,0,0,0,0,0,0,0
Karelian Bear Dog,12.0,2.8,2,1,2,4,3,1,2,3,4,4,3,2.0,4.0,4.0,5.0,4.0,4.0,4.0,4.0,0,0,0,0,0,0,0,1
Keeshond,14.0,3.8,4,4,1,5,5,4,4,5,3,3,3,4.0,4.0,3.0,3.0,4.0,4.0,3.0,5.0,0,0,0,0,0,0,0,0
Kerry Blue Terrier,14.0,3.0,3,2,3,4,4,2,5,1,2,3,3,4.0,4.0,4.0,3.0,4.0,4.0,5.0,4.0,0,0,0,0,0,0,1,0
King Shepherd,10.0,3.4,4,2,2,4,4,5,4,4,4,3,5,4.0,5.0,3.0,2.0,2.0,3.0,4.0,4.0,0,0,1,0,0,0,0,0
Kishu Ken,11.0,3.2,3,2,3,3,3,2,2,4,3,4,3,4.0,5.0,2.0,4.0,1.0,3.0,4.0,2.0,0,0,0,0,0,0,0,1
Komondor,11.0,2.4,2,1,1,5,3,1,1,3,2,2,4,4.0,4.0,3.0,2.0,5.0,2.0,4.0,4.0,0,0,0,0,0,0,0,1
Kooikerhondje,13.0,3.4,4,3,2,3,2,2,2,3,2,5,3,1.0,4.0,3.0,3.0,3.0,4.0,5.0,4.0,0,0,0,0,0,1,0,0
Kuvasz,11.0,2.6,1,1,1,5,1,2,1,4,4,4,5,2.0,4.0,1.0,1.0,3.0,4.0,5.0,4.0,0,0,0,0,0,0,0,1
Kyi-Leo,14.0,4.2,5,4,4,5,5,4,3,2,2,3,2,3.0,3.0,4.0,1.0,4.0,4.0,2.0,4.0,0,0,0,1,0,0,0,0
Lab Pointer,12.0,2.6,1,4,1,5,4,3,4,2,4,4,4,5.0,4.0,2.0,4.0,2.0,5.0,5.0,4.0,0,0,0,1,0,0,0,0
Labernese,9.0,3.0,2,4,1,4,5,4,3,4,3,2,4,3.0,4.0,3.0,3.0,2.0,4.0,4.0,5.0,0,0,0,1,0,0,0,0
Labmaraner,11.0,2.6,1,4,1,4,5,4,3,1,4,4,4,4.0,4.0,3.0,3.0,3.0,4.0,5.0,5.0,0,0,0,1,0,0,0,0
Labrabull,12.0,2.4,2,2,1,5,5,2,5,5,5,3,4,5.0,5.0,5.0,3.0,3.0,5.0,4.0,5.0,0,0,0,1,0,0,0,0
Labradane,10.0,2.4,1,2,2,5,5,4,3,2,4,4,5,3.0,4.0,2.0,3.0,1.0,4.0,4.0,5.0,0,0,0,1,0,0,0,0
Labradoodle,13.0,3.8,3,4,4,5,4,5,5,3,4,4,4,4.0,4.0,1.0,2.0,2.0,5.0,5.0,5.0,0,0,1,0,0,0,0,0
Labradoodle Miniature,13.0,3.8,3,4,4,5,4,5,5,3,4,4,4,4.0,4.0,1.0,2.0,2.0,5.0,5.0,5.0,0,0,1,0,0,0,0,0
Labrador Retriever,11.0,2.8,1,3,2,5,5,5,5,5,5,3,4,5.0,5.0,5.0,2.0,4.0,5.0,5.0,5.0,0,0,0,0,0,1,0,0
Labrastaff,12.0,2.4,2,2,1,4,4,3,4,4,3,4,4,2.0,4.0,3.0,3.0,3.0,4.0,4.0,4.0,0,0,0,1,0,0,0,0
Labsky,11.0,2.6,2,2,2,5,4,3,3,4,2,3,4,4.0,5.0,3.0,4.0,4.0,5.0,5.0,5.0,0,0,0,1,0,0,0,0
Lagotto Romagnolo,16.0,3.2,2,4,3,3,3,3,3,1,1,4,2,4.0,4.0,2.0,4.0,3.0,4.0,4.0,4.0,0,0,0,0,0,1,0,0
Lakeland Terrier,14.0,3.2,4,3,2,5,4,3,3,2,2,5,2,2.0,4.0,1.0,4.0,4.0,5.0,4.0,4.0,0,0,0,0,0,0,1,0
Lancashire Heeler,12.0,2.6,2,2,3,4,3,3,2,3,4,4,1,3.0,4.0,2.0,2.0,2.0,4.0,3.0,4.0,1,0,0,0,0,0,0,0
Landseer,11.0,3.0,3,2,3,5,5,4,4,3,2,3,2,3.0,2.5,4.0,4.0,4.0,4.0,,,0,0,0,0,0,0,0,1
Leonberger,11.0,2.6,1,1,2,5,4,3,2,5,4,1,5,2.0,3.0,4.0,4.0,3.0,4.0,4.0,4.0,0,0,0,0,0,0,0,1
Lhasa Apso,14.0,4.4,5,5,4,4,4,3,2,3,1,3,1,3.0,4.0,3.0,4.0,4.0,4.0,3.0,5.0,0,0,0,0,0,0,0,0
Lhasapoo,12.0,3.0,4,2,2,4,3,3,1,1,3,4,3,3.0,5.0,2.0,2.0,4.0,4.0,3.0,4.0,0,0,0,1,0,0,0,0
Lowchen,14.0,3.2,5,4,1,5,5,4,4,3,3,5,1,5.0,4.0,3.0,4.0,4.0,4.0,4.0,5.0,0,0,0,0,0,0,0,0
Maltese,14.0,3.2,5,5,1,5,3,4,2,2,2,3,1,4.0,4.0,3.0,4.0,4.0,3.0,2.0,4.0,0,0,0,0,0,0,0,0
Maltese Shih Tzu,13.0,3.6,5,5,3,4,3,3,3,1,2,2,1,4.0,3.0,4.0,5.0,4.0,3.0,3.0,3.0,0,0,1,0,0,0,0,0
Maltipoo,12.0,3.6,5,5,1,5,4,4,4,1,3,2,2,5.0,4.0,3.0,2.0,5.0,3.0,2.0,4.0,0,0,1,0,0,0,0,0
Manchester Terrier,15.0,3.0,5,3,3,4,3,3,3,3,5,2,2,2.0,4.0,2.0,4.0,4.0,4.0,4.0,4.0,0,0,0,0,0,0,1,0
Maremma Sheepdog,12.0,2.4,1,1,2,4,4,4,1,5,2,5,4,1.0,5.0,2.0,1.0,2.0,4.0,4.0,2.0,0,0,0,0,0,0,0,1
Mastador,11.0,2.8,1,2,3,5,5,3,3,4,4,4,4,4.0,4.0,4.0,2.0,2.0,4.0,4.0,4.0,0,0,0,1,0,0,0,0
Mastiff,8.0,2.6,2,1,3,5,5,2,2,3,3,3,5,3.0,2.0,4.0,2.0,2.0,3.0,4.0,4.0,0,0,0,0,0,0,0,1
Miniature Pinscher,12.0,3.2,5,3,2,5,3,2,3,2,5,3,1,3.0,3.0,2.0,3.0,5.0,4.0,4.0,5.0,0,0,0,0,0,0,0,0
Miniature Poodle,14.0,4.0,5,5,2,5,5,4,4,1,1,2,4,5.0,5.0,4.0,2.0,2.0,4.0,4.0,5.0,0,0,0,0,0,0,0,0
Miniature Schnauzer,13.0,4.0,4,3,5,5,3,3,3,2,2,3,2,5.0,4.0,2.0,4.0,3.0,5.0,5.0,4.0,0,0,0,0,0,0,1,0
Morkie,12.0,2.4,3,2,2,4,3,2,3,1,3,4,1,3.0,4.0,5.0,3.0,5.0,4.0,4.0,5.0,0,0,0,1,0,0,0,0
Mountain Cur,13.0,2.2,1,1,2,4,4,3,2,2,4,5,4,2.0,4.0,2.0,5.0,3.0,4.0,5.0,4.0,0,0,0,0,0,0,0,1
Feist,14.0,2.8,2,1,3,5,3,3,2,3,5,4,2,3.0,3.0,4.0,5.0,4.0,4.0,4.0,5.0,0,0,0,0,0,0,1,0
Mudi,13.0,3.0,2,4,2,4,2,2,2,3,4,4,2,5.0,4.0,3.0,4.0,4.0,4.0,4.0,4.0,1,0,0,0,0,0,0,0
Neapolitan Mastiff,9.0,1.8,2,1,1,5,4,2,1,3,3,2,5,3.0,3.0,2.0,1.0,1.0,3.0,3.0,4.0,0,0,0,0,0,0,0,1
Newfoundland,9.0,2.8,1,3,1,5,5,4,4,5,2,1,5,5.0,4.0,3.0,4.0,4.0,3.0,3.0,4.0,0,0,0,0,0,0,0,1
Norfolk Terrier,14.0,4.0,4,5,3,5,4,5,4,1,4,5,1,5.0,4.0,2.0,1.0,3.0,4.0,4.0,5.0,0,0,0,0,0,0,1,0
Northern Inuit Dog,14.0,2.4,1,1,1,5,4,3,5,5,2,4,4,2.0,4.0,4.0,4.0,5.0,5.0,5.0,5.0,0,0,1,0,0,0,0,0
Norwegian Buhund,14.0,3.6,3,3,4,5,5,3,3,3,2,4,3,4.0,3.0,3.0,2.0,4.0,4.0,5.0,5.0,1,0,0,0,0,0,0,0
Norwegian Elkhound,14.0,3.8,4,4,2,5,4,4,4,5,3,4,3,2.0,4.0,3.0,4.0,4.0,5.0,5.0,4.0,0,1,0,0,0,0,0,0
Norwegian Lundehund,11.0,2.4,1,1,2,5,5,5,5,5,4,3,3,4.0,5.0,3.0,2.0,1.0,4.0,5.0,5.0,0,0,0,0,0,0,0,1
Norwich Terrier,12.0,3.6,5,3,2,5,5,5,5,2,2,4,1,4.0,4.0,4.0,3.0,4.0,5.0,4.0,5.0,0,0,0,0,0,0,1,0
Nova Scotia Duck Tolling Retriever,12.0,3.4,5,3,2,5,5,4,4,3,5,4,3,4.0,5.0,4.0,5.0,4.0,5.0,5.0,5.0,0,0,0,0,0,1,0,0
Old English Sheepdog,11.0,3.8,5,4,2,5,4,4,4,1,1,4,4,3.0,4.0,2.0,3.0,1.0,4.0,4.0,4.0,1,0,0,0,0,0,0,0
Otterhound,11.0,3.2,1,4,5,5,5,5,4,4,2,4,4,2.0,4.0,3.0,5.0,2.0,5.0,5.0,5.0,0,1,0,0,0,0,0,0
Papillon,14.0,3.2,5,5,1,5,3,4,5,2,3,3,1,5.0,4.0,3.0,4.0,2.0,4.0,5.0,5.0,0,0,0,0,0,0,0,0
Papipoo,12.0,3.4,5,5,1,5,3,4,4,1,2,3,1,5.0,5.0,3.0,3.0,2.0,5.0,5.0,5.0,0,0,0,1,0,0,0,0
Parson Russell Terrier,12.0,3.0,3,2,3,5,4,5,4,3,3,4,2,4.0,5.0,4.0,5.0,4.0,5.0,5.0,5.0,0,0,0,0,0,0,1,0
Patterdale Terr,12.0,2.4,1,2,1,4,4,4,4,2,4,4,2,3.0,5.0,4.0,5.0,2.0,4.0,4.0,4.0,0,0,0,0,0,0,1,0
Peekapoo,12.0,3.8,5,5,2,5,4,4,3,2,2,3,1,3.0,4.0,4.0,3.0,4.0,3.0,3.0,4.0,0,0,1,0,0,0,0,0
Pekingese,14.0,3.6,5,4,3,5,2,2,2,4,1,2,1,3.0,4.0,3.0,5.0,4.0,2.0,2.0,3.0,0,0,0,0,0,0,0,0
Pembroke Welsh Corgi,13.0,3.8,4,4,3,5,4,3,5,5,4,3,2,5.0,5.0,2.0,3.0,5.0,4.0,4.0,4.0,1,0,0,0,0,0,0,0
Pbgv,14.0,3.4,4,3,3,5,5,5,5,4,2,3,2,1.0,4.0,3.0,5.0,5.0,5.0,5.0,5.0,0,1,0,0,0,0,0,0
Grand Basset Griffon Vendeen,12.0,3.0,4,3,2,5,5,5,5,3,2,4,3,4.0,4.0,3.0,4.0,5.0,5.0,5.0,5.0,0,1,0,0,0,0,0,0
Pharaoh Hound,12.0,3.2,4,4,2,5,5,5,4,2,4,5,3,3.0,4.0,4.0,5.0,4.0,2.0,4.0,4.0,0,1,0,0,0,0,0,0
Pitsky,14.0,2.2,2,1,1,5,5,3,5,4,3,4,3,3.0,3.0,4.0,3.0,4.0,4.0,5.0,5.0,0,0,0,1,0,0,0,0
Plott Hound,13.0,2.0,1,1,2,4,3,5,3,2,5,5,3,4.0,3.0,3.0,5.0,1.0,4.0,5.0,3.0,0,1,0,0,0,0,0,0
Presa Canario,11.0,3.4,3,2,4,2,4,2,1,3,2,2,1,4.0,3.0,3.0,3.0,3.0,3.0,3.0,4.0,0,0,0,0,0,0,0,1
Pocket Beagle,10.0,3.0,4,3,2,5,5,5,4,3,5,3,2,3.0,4.0,4.0,3.0,5.0,4.0,4.0,4.0,0,1,0,0,0,0,0,0
Pointer,14.0,1.6,1,1,1,5,5,5,5,3,5,3,3,5.0,5.0,5.0,5.0,3.0,5.0,5.0,5.0,0,0,0,0,0,1,0,0
English Pointer,14.0,1.6,1,1,1,5,5,5,5,3,5,3,3,5.0,5.0,5.0,5.0,3.0,5.0,5.0,5.0,0,0,0,0,0,1,0,0
Polish Lowland Sheepdog,11.0,3.4,4,2,3,5,4,3,3,1,1,4,3,4.0,4.0,3.0,3.0,2.0,4.0,4.0,4.0,1,0,0,0,0,0,0,0
Pomapoo,14.0,3.6,5,5,1,5,3,3,3,3,1,3,1,4.0,4.0,3.0,2.0,3.0,3.0,3.0,4.0,0,0,0,1,0,0,0,0
Pomchi,15.0,3.0,4,3,3,4,3,3,3,3,2,5,1,3.0,4.0,4.0,3.0,4.0,3.0,3.0,4.0,0,0,0,1,0,0,0,0
Pomeagle,14.0,3.2,4,4,1,5,3,3,3,4,2,3,1,3.0,2.0,3.0,3.0,5.0,4.0,3.0,4.0,0,0,0,1,0,0,0,0
Pomeranian,14.0,3.4,4,4,1,5,2,2,3,4,2,3,1,4.0,4.0,2.0,2.0,5.0,3.0,2.0,3.0,0,0,0,0,0,0,0,0
Pomsky,14.0,3.4,5,2,1,5,2,3,3,4,2,3,2,3.0,4.0,3.0,4.0,5.0,4.0,3.0,4.0,0,0,0,1,0,0,0,0
Poochon,14.0,3.8,5,5,1,5,5,4,4,1,1,3,2,5.0,4.0,3.0,3.0,2.0,4.0,4.0,5.0,0,0,0,1,0,0,0,0
Standard Poodle,14.0,3.6,5,5,1,5,5,4,4,1,1,2,4,5.0,5.0,4.0,2.0,2.0,4.0,4.0,5.0,0,0,0,0,0,0,0,0
Podengo Pequeno,14.0,3.4,5,4,3,4,4,4,4,3,4,4,1,4.0,3.0,3.0,4.0,4.0,5.0,3.0,3.0,0,1,0,0,0,0,0,0
Portuguese Pointer,13.0,2.0,1,1,1,4,4,2,4,1,4,4,3,4.0,4.0,3.0,4.0,2.0,4.0,4.0,4.0,0,0,0,0,0,1,0,0
Portuguese Sheepdog,12.0,2.8,2,2,2,4,4,4,2,2,4,5,4,3.0,5.0,3.0,2.0,4.0,4.0,4.0,3.0,1,0,0,0,0,0,0,0
Port Water Dog,12.0,3.4,4,3,2,5,5,5,3,1,2,4,3,4.0,5.0,5.0,3.0,3.0,5.0,5.0,5.0,0,0,0,0,0,0,0,1
Pudelpointer,12.0,2.2,2,3,2,4,3,3,3,3,3,4,4,4.0,4.0,3.0,4.0,2.0,4.0,5.0,3.0,0,0,0,0,0,0,0,1
Pug,14.0,3.2,5,5,1,5,4,4,4,5,5,1,2,3.0,2.0,2.0,3.0,2.0,3.0,3.0,5.0,0,0,0,0,0,0,0,0
Pugalier,14.0,3.8,5,5,2,5,5,5,5,4,4,3,2,4.0,3.0,3.0,3.0,3.0,3.0,3.0,5.0,0,0,0,1,0,0,0,0
Puggle,12.0,3.6,4,5,3,3,5,5,5,3,5,4,2,2.0,3.0,3.0,2.0,4.0,3.0,3.0,3.0,0,0,1,0,0,0,0,0
Puginese,13.0,4.0,5,3,4,4,3,2,2,3,4,3,2,2.0,2.0,2.0,,3.0,3.0,3.0,4.0,0,0,0,1,0,0,0,0
Puli,12.0,3.0,4,1,2,5,5,5,2,1,1,5,3,2.0,4.0,3.0,4.0,4.0,5.0,5.0,5.0,1,0,0,0,0,0,0,0
Pyredoodle,11.0,3.4,3,4,3,5,4,4,3,2,3,4,4,3.0,5.0,3.0,2.0,3.0,4.0,4.0,5.0,0,0,0,1,0,0,0,0
Pyrenean Mastiff,12.0,3.2,2,2,4,4,4,4,1,3,3,4,5,3.0,4.0,2.0,2.0,3.0,4.0,3.0,3.0,0,0,0,0,0,0,0,1
Pyrenean Shepherd,16.0,3.2,5,2,1,5,5,2,2,3,3,2,2,2.0,4.0,3.0,4.0,5.0,4.0,5.0,5.0,1,0,0,0,0,0,0,0
Rat Terrier,16.0,3.2,5,3,3,4,5,3,4,4,5,4,1,5.0,4.0,2.0,4.0,4.0,5.0,4.0,5.0,0,0,0,0,0,0,1,0
Redbone Hound,11.0,3.2,4,2,2,5,5,4,3,2,5,3,3,3.0,4.0,4.0,4.0,4.0,4.0,5.0,5.0,0,1,0,0,0,0,0,0
Rhod Ridgeback,11.0,2.4,1,2,2,5,4,4,3,4,5,4,4,2.0,4.0,3.0,5.0,1.0,4.0,5.0,5.0,0,1,0,0,0,0,0,0
Rottador,11.0,3.0,3,2,1,5,4,3,3,4,5,2,4,4.0,5.0,4.0,3.0,4.0,5.0,5.0,5.0,0,0,0,1,0,0,0,0
Rottle,12.0,3.2,4,3,3,5,4,3,3,2,4,4,3,5.0,5.0,3.0,3.0,2.0,4.0,4.0,5.0,0,0,0,1,0,0,0,0
Rottweiler,10.0,2.0,2,1,1,5,4,2,4,4,5,2,3,4.0,5.0,3.0,4.0,4.0,4.0,4.0,5.0,0,0,0,0,0,0,0,1
Saint Berdoodle,10.0,3.2,2,5,2,5,5,5,4,3,4,4,4,4.0,4.0,3.0,3.0,3.0,3.0,3.0,3.0,0,0,0,1,0,0,0,0
St. Bernard Rough Coat,9.0,3.0,3,2,1,5,5,5,5,4,2,2,5,2.0,4.0,3.0,1.0,1.0,3.0,2.0,4.0,0,0,0,0,0,0,0,1
St. Bernard Smooth Coat,9.0,3.0,3,2,1,5,5,5,5,3,2,2,5,2.0,4.0,3.0,1.0,1.0,3.0,2.0,4.0,0,0,0,0,0,0,0,1
Saluki,13.0,2.2,1,2,1,5,4,4,1,2,4,4,4,4.0,4.0,4.0,5.0,1.0,5.0,5.0,5.0,0,1,0,0,0,0,0,0
Samoyed,13.0,3.0,2,2,2,5,5,5,5,5,1,3,3,3.0,3.0,3.0,5.0,3.0,5.0,5.0,5.0,0,0,0,0,0,0,0,1
Samusky,14.0,3.0,2,3,2,4,5,4,4,4,2,3,4,3.0,5.0,3.0,3.0,2.0,5.0,4.0,5.0,0,0,0,1,0,0,0,0
Schipperke,14.0,3.2,4,2,3,4,5,2,2,3,5,4,1,2.0,4.0,3.0,2.0,4.0,5.0,5.0,5.0,0,0,0,0,0,0,0,0
Mini Schnoodle,13.0,3.5,4,5,3,5,5,4,4,2,4,4,3,4.0,5.0,3.0,3.0,2.0,4.0,3.0,4.0,0,0,1,0,0,0,0,0
Standard Schnoodle,12.0,3.2,3,5,2,4,5,3,3,2,4,3,4,4.0,5.0,3.0,3.0,2.0,4.0,4.0,4.0,0,0,1,0,0,0,0,0
Giant Schnoodle,10.5,3.0,3,4,2,3,5,3,3,2,3,3,4,4.0,5.0,3.0,3.0,2.0,4.0,4.0,3.0,0,0,1,0,0,0,0,0
Scottish Deerhound,10.0,2.2,1,1,2,5,4,2,5,5,2,3,5,2.0,3.0,4.0,5.0,1.0,5.0,5.0,5.0,0,1,0,0,0,0,0,0
Scottish Terrier,12.0,3.4,4,2,3,5,4,4,4,2,2,4,2,1.0,4.0,3.0,3.0,4.0,4.0,4.0,4.0,0,0,0,0,0,0,1,0
Sealyham Terrier,13.0,3.6,4,4,2,4,4,4,3,4,1,5,2,3.0,4.0,2.0,2.0,4.0,4.0,4.0,4.0,0,0,0,0,0,0,1,0
Sheepadoodle,14.0,3.8,4,4,2,5,5,4,4,1,3,4,4,3.0,5.0,3.0,1.0,2.0,4.0,4.0,5.0,0,0,0,1,0,0,0,0
Shepsky,12.0,2.4,1,1,2,5,4,3,4,4,3,4,4,4.0,5.0,4.0,4.0,3.0,5.0,5.0,5.0,0,0,0,1,0,0,0,0
Shetland Sheepdog,14.0,3.2,2,3,2,5,5,4,5,5,2,4,2,5.0,5.0,1.0,3.0,4.0,4.0,4.0,4.0,1,0,0,0,0,0,0,0
Shiba Inu,14.0,4.2,5,4,5,4,3,3,3,4,4,3,2,2.0,4.0,4.0,3.0,4.0,4.0,3.0,3.0,0,0,0,0,0,0,0,0
Shichon,15.0,3.2,5,4,1,5,5,4,4,1,4,4,2,3.0,4.0,1.0,1.0,2.0,4.0,3.0,5.0,0,0,0,1,0,0,0,0
Shih-Poo,15.0,3.2,5,2,2,5,3,2,4,1,2,3,1,2.0,4.0,3.0,2.0,2.0,3.0,2.0,4.0,0,0,0,1,0,0,0,0
Shih Tzu,13.0,3.8,5,5,3,5,4,4,5,3,1,3,1,3.0,4.0,4.0,4.0,2.0,2.0,2.0,4.0,0,0,0,0,0,0,0,0
Shikoku,11.0,3.2,3,2,3,4,3,2,2,4,4,5,3,2.0,4.0,2.0,4.0,2.0,3.0,3.0,2.0,0,0,0,0,0,0,0,0
Shiloh Shepherd,12.0,2.8,1,2,2,5,5,4,5,4,4,3,5,5.0,5.0,4.0,1.0,4.0,4.0,4.0,5.0,0,0,0,0,0,0,0,1
Shiranian,14.0,3.2,4,4,2,5,3,3,4,2,2,2,2,2.0,4.0,1.0,1.0,2.0,2.0,2.0,4.0,0,0,0,1,0,0,0,0
Shollie,14.0,2.4,1,2,2,4,4,3,2,4,3,3,4,4.0,4.0,3.0,3.0,3.0,5.0,4.0,4.0,0,0,0,1,0,0,0,0
Shorkie,14.0,2.8,5,3,1,4,3,2,3,2,4,2,1,2.0,3.0,2.0,4.0,4.0,4.0,2.0,5.0,0,0,0,1,0,0,0,0
Siberian Husky,14.0,2.6,2,1,1,5,5,5,5,4,2,4,3,2.0,3.0,4.0,3.0,5.0,5.0,5.0,5.0,0,0,0,0,0,0,0,1
Silken Windhound,17.0,3.6,4,4,2,5,4,3,4,2,4,4,3,5.0,4.0,3.0,5.0,1.0,4.0,4.0,5.0,0,1,0,0,0,0,0,0
Silky Terrier,14.0,3.0,5,3,3,4,3,2,3,2,4,4,1,4.0,4.0,2.0,5.0,4.0,4.0,3.0,4.0,0,0,0,0,0,0,0,0
Skye Terrier,13.0,3.4,4,4,2,4,4,2,5,3,3,5,2,2.0,4.0,3.0,4.0,4.0,3.0,3.0,4.0,0,0,0,0,0,0,1,0
Sloughi,14.0,3.0,4,2,3,5,5,4,3,3,5,3,4,3.0,4.0,3.0,5.0,2.0,5.0,5.0,3.0,0,1,0,0,0,0,0,0
Small Munsterlander Pointer,13.0,3.0,1,2,4,5,5,5,4,3,3,5,3,5.0,5.0,3.0,5.0,3.0,4.0,5.0,4.0,0,0,0,0,0,1,0,0
Smooth Fox Terrier,12.0,3.0,3,3,3,4,4,3,3,2,2,4,2,5.0,5.0,3.0,5.0,3.0,5.0,5.0,5.0,0,0,0,0,0,0,1,0
Soft Coated Wheaten Terrier,14.0,3.4,5,4,2,5,5,5,5,2,3,4,3,4.0,4.0,2.0,3.0,3.0,4.0,4.0,5.0,0,0,0,0,0,0,1,0
Spanish Mastiff,11.0,2.6,2,1,3,4,4,2,2,3,3,4,5,2.0,4.0,2.0,1.0,1.0,3.0,3.0,4.0,0,0,0,0,0,0,0,1
Spanish Water Dog,12.0,3.5,2,3,2,5,5,4,5,2,2,3,3,4.0,2.0,4.5,3.0,3.0,,,,1,0,0,0,0,0,0,0
Spinone Italiano,12.0,3.8,4,4,2,5,5,5,5,3,2,3,4,4.0,4.0,2.0,4.0,2.0,4.0,4.0,4.0,0,0,0,0,0,1,0,0
Springador,12.0,2.8,2,3,1,4,3,3,3,1,4,4,4,5.0,5.0,2.0,4.0,3.0,4.0,4.0,4.0,0,0,0,1,0,0,0,0
Stabyhoun,14.0,2.8,2,3,3,5,5,4,3,3,3,5,3,5.0,5.0,1.0,4.0,3.0,3.0,4.0,5.0,0,0,0,0,0,1,0,0
Staffordshire,13.0,2.6,3,1,2,5,5,1,5,3,5,3,2,2.0,3.0,2.0,2.0,3.0,3.0,4.0,5.0,0,0,0,0,0,0,1,0
Staffy Bull Bullmastiff,14.0,2.6,4,1,2,5,4,1,1,3,4,3,4,1.0,3.0,3.0,2.0,1.0,1.0,1.0,3.0,0,0,1,0,0,0,0,0
Standard Schnauzer,14.0,3.2,4,2,2,4,4,3,2,1,2,5,3,3.0,5.0,3.0,5.0,2.0,5.0,5.0,5.0,0,0,0,0,0,0,0,1
Sussex Spaniel,12.0,4.2,5,5,1,5,5,5,5,3,4,4,2,3.0,5.0,2.0,1.0,4.0,2.0,2.0,4.0,0,0,0,0,0,1,0,0
Swedish Lapphund,13.0,3.0,2,2,2,4,4,4,4,4,2,3,3,4.0,5.0,4.0,2.0,4.0,3.0,3.0,4.0,1,0,0,0,0,0,0,0
Swedish Vallhund,14.0,2.8,3,1,3,5,4,3,5,4,5,4,3,5.0,5.0,2.0,4.0,1.0,5.0,5.0,5.0,1,0,0,0,0,0,0,0
Taiwan Dog,12.0,2.8,3,2,2,4,3,4,2,3,4,4,3,4.0,4.0,3.0,4.0,3.0,4.0,4.0,4.0,0,1,0,0,0,0,0,0
Terripoo,12.0,3.2,5,5,1,5,4,3,3,1,3,3,1,4.0,5.0,2.0,4.0,3.0,5.0,4.0,5.0,0,0,0,1,0,0,0,0
Texas Heeler,14.0,3.0,2,3,3,4,3,3,3,4,3,3,3,3.0,5.0,4.0,3.0,2.0,5.0,5.0,4.0,0,0,0,1,0,0,0,0
Thai Ridgeback,12.0,2.4,2,2,2,3,2,3,3,3,4,4,3,2.0,4.0,2.0,4.0,2.0,4.0,4.0,3.0,0,0,0,0,0,0,0,0
Tibetan Mastiff,12.0,2.6,1,1,1,5,5,5,2,2,4,3,5,1.0,5.0,5.0,3.0,2.0,4.0,2.0,5.0,0,0,0,0,0,0,0,1
Tibetan Spaniel,14.0,3.2,5,4,1,5,5,4,3,3,4,5,1,4.0,4.0,3.0,3.0,4.0,3.0,4.0,4.0,0,0,0,0,0,0,0,0
Tibetan Terrier,14.0,3.4,5,3,1,5,5,4,3,1,1,5,2,4.0,4.0,2.0,2.0,4.0,5.0,5.0,5.0,0,0,0,0,0,0,0,0
Toy Fox Terrier,14.0,3.0,5,3,1,5,4,3,3,4,5,5,1,3.0,4.0,2.0,5.0,4.0,5.0,5.0,5.0,0,0,0,0,0,0,0,0
Toy Poodle,15.0,4.4,5,5,2,5,5,4,4,1,1,2,4,5.0,5.0,4.0,2.0,2.0,4.0,4.0,5.0,0,0,0,0,0,0,0,0
Transylvanian Hound,11.0,2.6,3,2,3,4,3,3,2,3,4,4,3,2.0,4.0,3.0,4.0,3.0,4.0,5.0,4.0,0,1,0,0,0,0,0,0
Treeing Cur,10.0,2.2,3,2,2,5,5,5,5,3,4,4,3,4.0,4.0,3.0,4.0,5.0,5.0,5.0,5.0,0,0,0,0,0,0,0,1
Treeing Tennesse Brindle,11.0,2.2,1,2,2,4,4,4,3,4,5,4,3,3.0,4.0,3.0,4.0,1.0,4.0,5.0,3.0,0,1,0,0,0,0,0,0
Treeing Walker Coonhound,12.0,2.6,1,2,2,4,4,3,3,3,5,4,4,2.0,4.0,3.0,4.0,5.0,4.0,5.0,3.0,0,1,0,0,0,0,0,0
Valley Bulldog,10.0,2.8,4,3,2,5,4,3,4,4,5,3,4,3.0,3.0,2.0,3.0,4.0,4.0,4.0,4.0,0,0,0,1,0,0,0,0
Vizsla,12.0,2.2,1,3,1,5,5,5,5,2,5,4,3,5.0,4.0,4.0,2.0,5.0,5.0,5.0,5.0,0,0,0,0,0,1,0,0
Wirehaired Vizsla,12.0,2.5,1,3,1,5,5,5,5,2,5,4,3,5.0,4.0,4.0,2.2,5.2,5.0,5.0,5.0,0,0,0,0,0,1,0,0
Weimaraner,12.0,2.4,1,2,1,5,4,3,3,4,5,3,4,4.0,5.0,5.0,5.0,2.0,5.0,5.0,5.0,0,0,0,0,0,1,0,0
Welsh Springer Spaniel,12.0,3.6,4,4,1,5,5,4,3,3,4,4,3,5.0,5.0,3.0,3.0,5.0,5.0,5.0,4.0,0,0,0,0,0,1,0,0
Welsh Terrier,12.0,2.6,3,3,2,4,5,5,4,2,2,5,2,3.0,5.0,2.0,5.0,4.0,5.0,5.0,5.0,0,0,0,0,0,0,1,0
West Highland,14.0,3.6,4,4,2,5,4,5,3,4,3,3,2,4.0,4.0,2.0,4.0,4.0,4.0,4.0,4.0,0,0,0,0,0,0,1,0
Westiepoo,14.0,3.0,3,4,1,4,4,4,4,1,5,4,2,4.0,4.0,3.0,4.0,3.0,4.0,4.0,5.0,0,0,0,1,0,0,0,0
Whippet,14.0,3.2,5,3,2,5,5,4,4,2,5,4,3,4.0,4.0,4.0,5.0,1.0,5.0,5.0,5.0,0,1,0,0,0,0,0,0
Whoodle,14.0,2.6,4,1,1,4,4,3,4,2,3,4,3,2.0,4.0,1.0,2.0,1.0,4.0,4.0,4.0,0,0,0,1,0,0,0,0
Wirehaired Pointing Griffon,12.0,2.6,1,3,1,5,5,4,5,1,3,4,3,5.0,5.0,3.0,4.0,4.0,5.0,4.0,5.0,0,0,0,0,0,1,0,0
Mexican Hairless,17.0,3.0,5,1,1,5,3,2,1,1,5,5,3,3.0,5.0,3.0,5.0,5.0,3.0,3.0,3.0,0,0,0,0,0,0,0,0
Yakutian Laika,11.0,2.6,1,3,1,5,4,4,4,4,3,4,3,4.0,4.0,2.0,3.0,4.0,4.0,5.0,4.0,0,0,0,0,0,0,0,1
Yorkipoo,12.0,3.8,5,5,3,5,4,3,2,1,4,3,1,4.0,4.0,3.0,3.0,5.0,5.0,3.0,4.0,0,0,1,0,0,0,0,0
Yorkshire Terrier,14.0,3.6,5,4,2,4,2,3,2,2,2,4,1,3.0,3.0,2.0,2.0,3.0,5.0,4.0,5.0,0,0,0,0,0,0,0,0
